id,name,created_at,metadata
8a108fcd-c548-4016-83a4-7e68166ddef2,hello,2024-06-14T14:40:40.486Z,"{'id': '4e5aa024-aaca-42af-8ad8-80477df1f76b', 'env': '{}', 'user': None, 'chain': None, 'chat_profile': '', 'root_message': None, 'chat_settings': {}}"
564ace30-8e69-4924-a640-846befdb56cf,,2024-05-02T21:18:24.167Z,"{'id': '05ec963d-5867-4b2f-95cd-0a5fb112a1ad', 'env': '{}', 'name': 'Give me a comprehensive list of all of the resources available for ECE students', 'user': None, 'chain': None, 'chat_profile': '', 'root_message': None, 'chat_settings': {}}"
9438b29f-9263-4691-8f1c-57dc58411cd1,,2024-05-01T22:26:31.913Z,"{'id': '512e04ab-bf72-4d95-9bba-76c9204f6869', 'env': '{}', 'name': 'Why is canvas so slow?', 'user': None, 'chain': None, 'chat_profile': '', 'root_message': None, 'chat_settings': {}}"
058545dd-b989-4995-b9be-5e82faca3a0f,,2024-04-27T20:26:16.602Z,"{'id': '90c08299-9ab8-4b8f-ab21-0f0f0689bff1', 'env': '{}', 'name': 'What did the Hilltop Scholars program used to be called?', 'user': None, 'chain': None, 'chat_profile': '', 'root_message': None, 'chat_settings': {}}"
dc48db7b-d2f0-4c40-82ae-b90df32eb994,,2024-04-27T19:38:28.687Z,"{'id': '3985f9d7-292d-4d04-b761-3bb88028d132', 'env': '{}', 'name': 'Where can I get food for meal swipes or flex on weekends?', 'user': None, 'chain': None, 'chat_profile': '', 'root_message': None, 'chat_settings': {}}"
863ed8cc-4311-49f1-9810-0c3009d1338d,,2024-04-27T19:33:43.519Z,"{'id': '01ae4543-023b-4e68-8a1d-6ee8a8cb4556', 'env': '{}', 'name': 'Where is the Scholar’s den?', 'user': None, 'chain': None, 'chat_profile': '', 'root_message': None, 'chat_settings': {}}"
7159149a-7f35-45f4-b3b1-c8d087e47df7,,2024-04-27T05:38:44.554Z,"{'id': 'd5dc09a8-ff33-4b0a-8fbd-3c3c1a293926', 'env': '{}', 'name': 'Where can I eat some good food? ', 'user': None, 'chain': None, 'chat_profile': '', 'root_message': None, 'chat_settings': {}}"
21063e9d-5988-4764-8a9a-da5fa714ab5c,,2024-04-25T22:25:08.233Z,"{'id': '54d899c7-a8b9-41ef-80d0-61a5f924c771', 'env': '{}', 'name': 'what are some classes for a major in computer science?', 'user': None, 'chain': None, 'chat_profile': '', 'root_message': None, 'chat_settings': {}}"
b36665a4-6671-460c-918a-d910ff5bd375,,2024-04-25T19:34:40.100Z,"{'id': '58a7bcf8-1c7e-4dde-9e43-9a9c831b64aa', 'env': '{}', 'name': 'what courses are required for the statistical science degree', 'user': None, 'chain': None, 'chat_profile': '', 'root_message': None, 'chat_settings': {}}"
1f916ad5-0eb8-40c6-a417-831735c9c160,,2024-04-22T14:04:33.071Z,"{'id': 'a84b6b96-c891-4080-88b0-33fd4b09e762', 'env': '{}', 'name': 'I need food', 'user': None, 'chain': None, 'chat_profile': '', 'root_message': None, 'chat_settings': {}}"
4a4bb427-ebc2-4f0f-8221-dd7f2035e3a9,,2024-04-19T23:57:25.360Z,"{'id': 'd8bf3b42-3e83-4892-9887-75b396ba8906', 'env': '{}', 'name': 'What classes do you offer? ', 'user': None, 'chain': None, 'chat_profile': '', 'root_message': None, 'chat_settings': {}}"
b9590a1f-cae6-4c06-aead-f88045d0e727,,2024-04-19T23:28:34.933Z,"{'id': '723a46d3-65f8-47ac-a01f-bbfd1cfda22b', 'env': '{}', 'name': 'Where do I find the best lunch on campus', 'user': None, 'chain': None, 'chat_profile': '', 'root_message': None, 'chat_settings': {}}"
88772c3d-dc92-4e97-a587-90f0d90d0730,,2024-04-19T23:25:27.778Z,"{'id': '762ac32d-43eb-4663-acda-dd79fe1001e8', 'env': '{}', 'name': 'I want to be a hedge fund manager. What should I do nexT?', 'user': None, 'chain': None, 'chat_profile': '', 'root_message': None, 'chat_settings': {}}"
fcd257ae-52da-4f03-9e29-21b93e14eeaf,,2024-04-16T14:40:50.318Z,"{'id': '37cf9c48-d276-4201-b162-7232f879773c', 'env': '{}', 'name': 'How do I declare a major in Economics?', 'user': None, 'chain': None, 'chat_profile': '', 'root_message': None, 'chat_settings': {}}"
00e2ab96-a2a2-4f0e-9419-7bb47ad3d97f,,2024-04-15T19:34:27.622Z,"{'id': 'aea4d74d-0be3-45f3-8d94-38a4f38b17ce', 'env': '{}', 'name': 'What are the courses I need to take for an international film studies minor?', 'user': None, 'chain': None, 'chat_profile': '', 'root_message': None, 'chat_settings': {}}"
7263b4e2-7057-4f64-993c-e1dd821188a0,,2024-04-12T17:08:52.332Z,"{'id': 'bc3d8f86-f750-4d6a-9e1d-706d0b2c7ad0', 'env': '{}', 'name': 'Give me the average cost of finanical aid for a business major of one semester', 'user': None, 'chain': None, 'chat_profile': '', 'root_message': None, 'chat_settings': {}}"
6abc1bc0-13dc-4971-8e77-83b2fb43fd6a,,2024-04-10T21:48:32.830Z,"{'id': 'fdda7116-df38-4adc-a255-0dad80ec13bf', 'env': '{}', 'name': 'Can I take CS5343 without taking CS1342', 'user': None, 'chain': None, 'chat_profile': '', 'root_message': None, 'chat_settings': {}}"
ea596604-3385-4e76-b193-b6d76ab4de68,,2024-04-10T19:18:26.766Z,"{'id': 'af0dfb79-b811-461d-a23b-0f696ad3c8e8', 'env': '{}', 'name': 'Which scholarships are available to me as a SMU student?', 'user': None, 'chain': None, 'chat_profile': '', 'root_message': None, 'chat_settings': {}}"
f4e7f85b-bcae-46e3-97e0-cc144845e3a2,,2024-04-09T19:58:50.387Z,"{'id': '211daaf5-4da8-4878-a6e6-65cbe9476aa9', 'env': '{}', 'name': ""i'm a second year business student, what classes can i take to finish my graduation requirement"", 'user': None, 'chain': None, 'chat_profile': '', 'root_message': None, 'chat_settings': {}}"
3cb2eaa6-8b0f-4c54-9b24-d2e0f8236e34,,2024-04-09T19:10:18.700Z,"{'id': 'a92adcf5-3285-4c09-b5a6-fcfe61cba2eb', 'env': '{}', 'name': 'Where can I find my counsoler info', 'user': None, 'chain': None, 'chat_profile': '', 'root_message': None, 'chat_settings': {}}"
898a4095-7343-4921-86a3-821aa4b97abc,,2024-04-09T15:50:28.402Z,"{'id': '4395d435-64cc-43d6-8d76-03fee0689b92', 'env': '{}', 'name': 'where can I find my class syllabus?', 'user': None, 'chain': None, 'chat_profile': '', 'root_message': None, 'chat_settings': {}}"
2aa4a093-f3bc-46f6-9317-1cf946dc14b7,,2024-04-08T22:19:50.124Z,"{'id': '8c1408bd-da16-41f9-81e8-b2bb778abc5b', 'env': '{}', 'name': 'is smu upper division housing only for juniors and seniors?', 'user': None, 'chain': None, 'chat_profile': '', 'root_message': None, 'chat_settings': {}}"
aaa1ba62-47da-4619-89c2-41a1b60f1d2e,,2024-04-08T14:09:44.391Z,"{'id': 'b680eec7-4ade-49f6-b8a2-282e191638d6', 'env': '{}', 'name': 'How do I enroll?', 'user': None, 'chain': None, 'chat_profile': '', 'root_message': None, 'chat_settings': {}}"
f64ded4e-d0c2-417e-8f3a-cbfbf2660647,,2024-04-05T16:16:39.859Z,"{'id': 'a01045bf-309c-48a3-b389-ee44fe4a8623', 'env': '{}', 'name': 'hi - how do I get financial aid at SMU?', 'user': None, 'chain': None, 'chat_profile': '', 'root_message': None, 'chat_settings': {}}"
c76dab3b-4309-4a9a-a764-5d23b899b95e,,2024-04-05T15:21:25.663Z,"{'id': '1b4d5baa-cb02-433e-b8f6-ef42fd50399b', 'env': '{}', 'name': 'How do i find out when classes will be offered?', 'user': None, 'chain': None, 'chat_profile': '', 'root_message': None, 'chat_settings': {}}"
6caa1f21-7bb8-4130-8228-46dd17306d29,,2024-04-04T19:31:03.470Z,"{'id': 'f7920a69-e9a9-4e0f-aa37-b8fee18c1748', 'env': '{}', 'name': 'Who’s the best econ professor ', 'user': None, 'chain': None, 'chat_profile': '', 'root_message': None, 'chat_settings': {}}"
05b50f7b-77ae-4d97-b941-70b98d24d34e,,2024-04-04T19:09:15.341Z,"{'id': '113cbf9f-28ed-4584-a7a4-3dcf5e3e136e', 'env': '{}', 'name': 'what year was the cox school of business built', 'user': None, 'chain': None, 'chat_profile': '', 'root_message': None, 'chat_settings': {}}"
31b1f1da-97dd-4a5d-807d-9e519428754c,,2024-04-04T14:00:23.168Z,"{'id': '5090615e-4484-4747-a6b4-c203c8e4c425', 'env': '{}', 'name': 'LIst all courses approved for Oral Communications within the CC', 'user': None, 'chain': None, 'chat_profile': '', 'root_message': None, 'chat_settings': {}}"
08c7fc5a-759f-4ddb-b12f-3bd688d65479,,2024-04-02T23:29:47.623Z,"{'id': '65243bc8-acdd-4160-aa49-8c5be62071c3', 'env': '{}', 'name': 'where can i get food super late at night when on campus dining is closed?', 'user': None, 'chain': None, 'chat_profile': '', 'root_message': None, 'chat_settings': {}}"
6cb44c4b-5f7a-46fd-b676-5c0251a319ac,,2024-04-02T20:17:23.050Z,"{'id': 'bf454080-55b4-4967-82a2-917158fdca1e', 'env': '{}', 'name': ""what's at the dining hall today"", 'user': None, 'chain': None, 'chat_profile': '', 'root_message': None, 'chat_settings': {}}"
299ccf7f-0433-4059-bd2a-2e2084d4ae0d,,2024-04-02T17:56:46.403Z,"{'id': '9afae0c3-b523-4052-8951-ba1f2743a8b7', 'env': '{}', 'name': 'What classes do I need for a computer science degree?', 'user': None, 'chain': None, 'chat_profile': '', 'root_message': None, 'chat_settings': {}}"
c0b0ced5-fdba-468f-96dc-7bffbdd1f665,,2024-04-01T23:41:13.219Z,"{'id': 'afbd92c9-b26b-4d1f-be0d-b4c0c1020325', 'env': '{}', 'name': 'what events are going on this week? ', 'user': None, 'chain': None, 'chat_profile': '', 'root_message': None, 'chat_settings': {}}"
0599a2f4-0c01-4b6b-aaf1-17ebca847d69,,2024-04-01T23:05:44.453Z,"{'id': '0f5539a3-ab5b-408b-90b4-06abd0e2c0cf', 'env': '{}', 'name': 'What classes should I take as a sophomore CS major?', 'user': None, 'chain': None, 'chat_profile': '', 'root_message': None, 'chat_settings': {}}"
6f93f37f-404a-4b2b-8d90-1212e8ce6188,,2024-04-01T19:53:28.400Z,"{'id': '292a889d-1f04-4c4f-8a66-745872b72f2e', 'env': '{}', 'name': 'I am a sophomore and I have to take 3 advanced elective econ classes next semester, which ones should I take?', 'user': None, 'chain': None, 'chat_profile': '', 'root_message': None, 'chat_settings': {}}"
f3e6c30c-a1da-4665-a9a5-134df2e44980,,2024-04-01T19:05:28.269Z,"{'id': '3636df35-1f63-41db-bc4f-02b40fd59e5f', 'env': '{}', 'name': 'What WRTR courses are available?', 'user': None, 'chain': None, 'chat_profile': '', 'root_message': None, 'chat_settings': {}}"
276c8865-43e8-4034-97d4-0f13c7e47027,,2024-03-29T16:13:06.004Z,"{'id': 'fa64052b-15ea-4c1c-8cc2-088cb5f3325a', 'env': '{}', 'name': 'Hi! Iinterested in double majoring in Music BA and Accounting BBA.How many credits would I need to take per semster in order to finish in 4 years', 'user': None, 'chain': None, 'chat_profile': '', 'root_message': None, 'chat_settings': {}}"
01aebbc6-dbcf-4a05-ade9-5b1bb70405e2,,2024-03-29T01:25:22.127Z,"{'id': 'fdcebdbd-72d7-48cf-a0a8-4ae5a9109e56', 'env': '{}', 'name': 'How many credit hours does someone who is double majoring in computer science and finance must take each semester over 4 years', 'user': None, 'chain': None, 'chat_profile': '', 'root_message': None, 'chat_settings': {}}"
4719ae66-3a84-4f70-86f0-858db4519c45,,2024-03-28T22:47:50.772Z,"{'id': '0f5539a3-ab5b-408b-90b4-06abd0e2c0cf', 'env': '{}', 'name': 'Are there any psychology courses about culture', 'user': None, 'chain': None, 'chat_profile': '', 'root_message': None, 'chat_settings': {}}"
c62c8c7c-0597-4813-8a2f-db1f58329e24,,2024-03-28T21:39:42.485Z,"{'id': '639b9f29-4179-4359-b981-13d72698069e', 'env': '{}', 'name': 'when is enrollment for fall 2024 ', 'user': None, 'chain': None, 'chat_profile': '', 'root_message': None, 'chat_settings': {}}"
7c5d1b62-2896-4cfe-aa6a-ebe7b1229c88,,2024-03-28T20:33:14.377Z,"{'id': '5f7d1faa-a03c-4d89-a591-6f7e036a4314', 'env': '{}', 'name': 'How many course hours do I need for a Bachelor of Science in Computer Science', 'user': None, 'chain': None, 'chat_profile': '', 'root_message': None, 'chat_settings': {}}"
a4e587ea-b0c3-4c31-a92c-b85f6730c6b4,,2024-03-28T20:18:49.747Z,"{'id': '6565417c-eaeb-40c8-9b18-d5cdf29645ba', 'env': '{}', 'name': 'how many credits do i need to get a mathematics b.s. degree', 'user': None, 'chain': None, 'chat_profile': '', 'root_message': None, 'chat_settings': {}}"
74d6a46c-bfec-42ae-aa8e-b30015be40ff,,2024-03-28T19:42:59.929Z,"{'id': 'b85985ea-3242-4321-ba4d-89650646cae6', 'env': '{}', 'name': 'Hi PerunaBot! I want to take undergrad Business Ethics. Do I need any pre-reqs?', 'user': None, 'chain': None, 'chat_profile': '', 'root_message': None, 'chat_settings': {}}"
d9b94a60-dd0f-4b39-9daf-5b9123c1bf6c,,2024-03-28T17:17:56.722Z,"{'id': 'd9f806c8-f5bf-40ea-90e0-bed4fb477488', 'env': '{}', 'name': 'what courses should i take for computer science', 'user': None, 'chain': None, 'chat_profile': '', 'root_message': None, 'chat_settings': {}}"
4ae0219f-4bfe-437a-9701-f983ea808a88,,2024-03-28T15:13:07.027Z,"{'id': '71ee1215-165c-4a09-be56-9cf4ab062581', 'env': '{}', 'name': 'where can i go on campus to get information about scholarships?', 'user': None, 'chain': None, 'chat_profile': '', 'root_message': None, 'chat_settings': {}}"
81011c06-6966-40d0-99f6-9821a4db369f,,2024-03-28T14:34:56.918Z,"{'id': 'c6ef14d4-f706-4d52-9310-dce592498541', 'env': '{}', 'name': 'How do I get funding for my research project?', 'user': None, 'chain': None, 'chat_profile': '', 'root_message': None, 'chat_settings': {}}"
8c8185b4-535d-4a58-a032-7ca392dfbd26,,2024-03-27T17:46:13.291Z,"{'id': '972a1602-9740-4289-a0ad-faa9601bdc84', 'env': '{}', 'name': 'What are the requirements for majoring in Economics BS', 'user': None, 'chain': None, 'chat_profile': '', 'root_message': None, 'chat_settings': {}}"
da24e7dc-52c0-4f8b-8486-c0a079215edd,,2024-03-27T17:06:55.313Z,"{'id': '331ab650-38d9-43e4-b81c-0482a0aa231f', 'env': '{}', 'name': 'Hello PerunaBot!', 'user': None, 'chain': None, 'chat_profile': '', 'root_message': None, 'chat_settings': {}}"
114dd30e-a2e7-4c4f-b1e8-e4ce26d09090,,2024-03-27T16:47:01.470Z,"{'id': '9d64f807-77ed-4ef5-9a52-a66faaaeb3df', 'env': '{}', 'name': 'what are the core classes for the human rights major?', 'user': None, 'chain': None, 'chat_profile': '', 'root_message': None, 'chat_settings': {}}"
f1de10a1-4530-4ca5-b8cb-99e3c9bdec24,,2024-03-27T03:06:54.706Z,"{'id': '9fae302a-21d2-4154-ade0-341ebbc10647', 'env': '{}', 'name': 'How many Peruna mascots have there been in SMU history?', 'user': None, 'chain': None, 'chat_profile': '', 'root_message': None, 'chat_settings': {}}"
bbc5122c-d4e5-4942-9acd-bcb1343c5d59,,2024-03-26T21:49:53.410Z,"{'id': 'b2f3f180-bf32-41de-8ac3-ddbea303967c', 'env': '{}', 'name': 'What courses are needed for the ai/ml track in CS', 'user': None, 'chain': None, 'chat_profile': '', 'root_message': None, 'chat_settings': {}}"
7efb8eb3-827e-43d6-996b-764acb359d35,,2024-03-26T20:05:56.837Z,"{'id': 'ee2eaa3c-b931-4f8b-b5e9-c3e0027af5cf', 'env': '{}', 'name': 'give me common curiculum classes', 'user': None, 'chain': None, 'chat_profile': '', 'root_message': None, 'chat_settings': {}}"
074a6aa8-70cf-4d38-9734-63d65a3c1af8,,2024-03-26T13:49:54.676Z,"{'id': '2e0dac54-8c57-4c5b-9e0c-09d5c37eb083', 'env': '{}', 'name': 'where is deadman ', 'user': None, 'chain': None, 'chat_profile': '', 'root_message': None, 'chat_settings': {}}"
d921af94-8e26-44a2-9f1a-748c65eba0cd,,2024-03-26T13:42:56.175Z,"{'id': 'f5de8c5d-2cb1-4cfc-b946-ede649cdaa4d', 'env': '{}', 'name': 'Where can I find open pianos on campus?', 'user': None, 'chain': None, 'chat_profile': '', 'root_message': None, 'chat_settings': {}}"
a372a6d7-3df7-4343-9b12-46dad6926f1f,,2024-03-26T13:36:36.097Z,"{'id': '333ccce3-657a-4782-8ee6-44a3e6f9fc0f', 'env': '{}', 'name': 'What’s your name?', 'user': None, 'chain': None, 'chat_profile': '', 'root_message': None, 'chat_settings': {}}"
d15ec17f-ed7d-4b58-82a2-3d76e60eee67,,2024-03-26T02:19:13.081Z,"{'id': 'edcf61ae-0d57-4495-aef9-bb3f384fe94d', 'env': '{}', 'name': 'Hey', 'user': None, 'chain': None, 'chat_profile': '', 'root_message': None, 'chat_settings': {}}"
ff708bc9-a1d1-4450-8786-990cc4c91329,,2024-03-25T20:48:27.014Z,"{'id': 'd08fa100-3e0d-45ca-bfaa-02e843bb76c9', 'env': '{}', 'name': ""How do I apply to SMU's music program?"", 'user': None, 'chain': None, 'chat_profile': '', 'root_message': None, 'chat_settings': {}}"
4601fa7c-bff4-4bb8-84e8-587dce0c7eaf,,2024-03-25T20:00:08.075Z,"{'id': '17fa1c41-6e5d-41e6-a180-7a9856c44330', 'env': '{}', 'name': 'Does SMU have a music program?', 'user': None, 'chain': None, 'chat_profile': '', 'root_message': None, 'chat_settings': {}}"
a09711b7-b4db-4fed-9b93-f66447770c8a,,2024-03-25T19:13:40.884Z,"{'id': '0b0e95c1-6d79-4957-9e4d-35dce03365d3', 'env': '{}', 'name': 'what are the dorms like', 'user': None, 'chain': None, 'chat_profile': '', 'root_message': None, 'chat_settings': {}}"
7342f981-1991-4f2b-85e1-3be0f2033331,,2024-03-25T18:49:20.179Z,"{'id': '9963d6a8-3c05-438c-91d0-76a64aef681f', 'env': '{}', 'name': 'How many building are in SMU?', 'user': None, 'chain': None, 'chat_profile': '', 'root_message': None, 'chat_settings': {}}"
a84682b7-2693-4b99-bcbc-fb90498440eb,,2024-03-25T17:59:03.316Z,"{'id': '59e6574c-a597-41b6-a909-e8346e1135ac', 'env': '{}', 'name': 'tell me about the electrical and comupter engineering undergraduate program at Lyle', 'user': None, 'chain': None, 'chat_profile': '', 'root_message': None, 'chat_settings': {}}"
70a0968a-0ffc-4aae-945b-dff1e0141540,,2024-03-25T17:50:57.028Z,"{'id': '2435b8d1-3639-40bc-bc86-4c096ad422b5', 'env': '{}', 'name': 'what programs does lyle school of engineering offer at the graduate level', 'user': None, 'chain': None, 'chat_profile': '', 'root_message': None, 'chat_settings': {}}"
1f9fbc71-ab81-4011-9b19-597ac850fcb4,,2024-03-25T09:09:20.906Z,"{'id': 'ceac0ca3-6214-40ad-9b4e-4757d793d1d6', 'env': '{}', 'name': 'what gpa do i need to make the SMU honor roll?', 'user': None, 'chain': None, 'chat_profile': '', 'root_message': None, 'chat_settings': {}}"
5381e6fc-704f-4674-9f86-c13105a3bc41,,2024-03-24T19:42:05.225Z,"{'id': 'a0dc5bba-91d5-4277-89ab-1427c75b5b19', 'env': '{}', 'name': 'I am a comp sci major and want help picking classes next semester. I just took algorithms (cs 3353), can you help me find out what class i should take next? ', 'user': None, 'chain': None, 'chat_profile': '', 'root_message': None, 'chat_settings': {}}"
553d5cd7-b55a-4f64-8a9b-e4cc58e844cc,,2024-03-24T17:47:59.504Z,"{'id': 'f4e95ef6-2a12-4810-b1d0-e53c52dcd8a8', 'env': '{}', 'name': 'I need to graduate with a Physics degree and a Dance degree in four years. What classes will I need to take, and how many hours will I need to take each semester?', 'user': None, 'chain': None, 'chat_profile': '', 'root_message': None, 'chat_settings': {}}"
500fc521-5222-4a68-8273-0744156547c8,,2024-03-24T16:29:34.917Z,"{'id': '8575bcd5-6882-473c-a7cf-880bc316eb0f', 'env': '{}', 'name': 'What are some clubs on campus I can join?', 'user': None, 'chain': None, 'chat_profile': '', 'root_message': None, 'chat_settings': {}}"
830a6143-2b70-42be-bfc5-94f0fe79efc8,,2024-03-24T07:45:26.878Z,"{'id': '20154b8a-ca64-46ca-a9fb-4dc24df98019', 'env': '{}', 'name': 'What is 17 + 20?', 'user': None, 'chain': None, 'chat_profile': '', 'root_message': None, 'chat_settings': {}}"
c6f3fadb-3c64-404b-bf41-c2d1f474071a,,2024-03-23T21:24:37.883Z,"{'id': 'd72a62d6-9807-45ef-9bf1-3859af01b022', 'env': '{}', 'name': 'What resources does SMU libraries have on “Do the Right Thing” by Spike Lee?', 'user': None, 'chain': None, 'chat_profile': '', 'root_message': None, 'chat_settings': {}}"
738aa24f-b5cc-417a-b37e-2dc07575dd2a,,2024-03-23T17:25:27.027Z,"{'id': 'e2697781-55bf-4e05-a573-c9e29d104d8e', 'env': '{}', 'name': 'What classes will help fill in my science breadth', 'user': None, 'chain': None, 'chat_profile': '', 'root_message': None, 'chat_settings': {}}"
cf62ee1c-3048-4faa-b559-02d13c64b118,,2024-03-23T17:04:36.896Z,"{'id': '3fe9077d-1b2b-4513-978c-bf86afee07f0', 'env': '{}', 'name': 'What pre recs are there for Business Law?', 'user': None, 'chain': None, 'chat_profile': '', 'root_message': None, 'chat_settings': {}}"
62b957e1-3350-4114-8651-5b1e46f41330,,2024-03-23T06:34:52.518Z,"{'id': '170eaf2b-2ed9-44d3-b321-063d5246288b', 'env': '{}', 'name': 'Where is SMU located ', 'user': None, 'chain': None, 'chat_profile': '', 'root_message': None, 'chat_settings': {}}"
47c70296-ef48-4d36-bf38-134c56f7b6f0,,2024-03-23T06:32:54.283Z,"{'id': '290ec4d0-e279-4ce6-8d39-5e2711718893', 'env': '{}', 'name': 'Hello.', 'user': None, 'chain': None, 'chat_profile': '', 'root_message': None, 'chat_settings': {}}"
fbc68474-ab1f-4f70-8cfa-97f92126d21c,,2024-03-23T06:15:48.078Z,"{'id': '520945c2-0374-4a36-8973-3fd0077fae83', 'env': '{}', 'name': 'How to drop a class ?', 'user': None, 'chain': None, 'chat_profile': '', 'root_message': None, 'chat_settings': {}}"
67cc9bff-2978-4890-8e84-35e6d337376a,,2024-03-23T05:07:32.652Z,"{'id': 'bcf2a79d-232c-4526-815f-c2e0cb023c64', 'env': '{}', 'name': 'where can i connect with Lyle students this upcoming week?', 'user': None, 'chain': None, 'chat_profile': '', 'root_message': None, 'chat_settings': {}}"
9502a395-48c2-43ba-a540-b2a2b3f4aa52,,2024-03-23T01:17:37.613Z,"{'id': '221c0683-84e2-4247-8a00-27127bcbd24f', 'env': '{}', 'name': 'Hi', 'user': None, 'chain': None, 'chat_profile': '', 'root_message': None, 'chat_settings': {}}"
2acb72eb-ac02-4233-98f5-47ab06c47ff0,,2024-03-22T20:59:13.316Z,"{'id': 'f5f0d756-1d26-4bb9-82b0-edc40f145807', 'env': '{}', 'name': 'As a student at SMU what are resources that you offer to help me find local area housing that is affordable for a student?', 'user': None, 'chain': None, 'chat_profile': '', 'root_message': None, 'chat_settings': {}}"
d58afe4c-9988-4c11-88d5-7b7b7c9538c5,,2024-03-22T20:26:46.034Z,"{'id': 'b3c807a9-d2b6-4203-b0d4-dfd07f15f10c', 'env': '{}', 'name': 'Wheat should I know about smu', 'user': None, 'chain': None, 'chat_profile': '', 'root_message': None, 'chat_settings': {}}"
e6b02fa5-0247-4f74-aa8e-7cf7ae947814,,2024-03-22T20:06:56.647Z,"{'id': '3a6fe76a-2c1c-4eb6-a96b-198872c9b4c0', 'env': '{}', 'name': 'whos the most handsome person at smu ', 'user': None, 'chain': None, 'chat_profile': '', 'root_message': None, 'chat_settings': {}}"
52d4d46e-812c-4d01-8376-9f38d4b86799,,2024-03-22T16:26:23.278Z,"{'id': '38c9f027-18ee-47ec-bfea-6f1df335e00b', 'env': '{}', 'name': 'Hi', 'user': None, 'chain': None, 'chat_profile': '', 'root_message': None, 'chat_settings': {}}"
95f098dd-6e19-4d31-9f47-058a6e46969d,,2024-03-22T16:04:48.229Z,"{'id': '17b9a4aa-a7fb-44dd-a004-a2ce775f4038', 'env': '{}', 'name': 'what class should i take as a psychology major', 'user': None, 'chain': None, 'chat_profile': '', 'root_message': None, 'chat_settings': {}}"
fce55313-e3e4-4205-8374-23b4ebf7bc44,,2024-03-22T14:16:09.263Z,"{'id': '4ca0f529-bbc4-4ff6-892b-5231295da7c4', 'env': '{}', 'name': 'When was smu established', 'user': None, 'chain': None, 'chat_profile': '', 'root_message': None, 'chat_settings': {}}"
139c38fd-d185-40d9-9f29-c6f6dc13804e,,2024-03-22T13:42:57.733Z,"{'id': '2f5157ad-2dfa-4d6c-a398-2179e7059759', 'env': '{}', 'name': 'Walk me through a 3 statement model', 'user': None, 'chain': None, 'chat_profile': '', 'root_message': None, 'chat_settings': {}}"
23ece4d2-0319-4530-8fa5-b85c09a8f095,,2024-03-22T12:35:16.789Z,"{'id': '79a7721e-b495-42a0-be12-788b251aac5d', 'env': '{}', 'name': 'what are clubs at smu', 'user': None, 'chain': None, 'chat_profile': '', 'root_message': None, 'chat_settings': {}}"
b4b144f5-1cd1-42e2-8f7f-f809844c741c,,2024-03-22T11:40:43.688Z,"{'id': '2ab15c5c-4307-404c-ba29-cb56dd467593', 'env': '{}', 'name': 'best spots to eat on campus', 'user': None, 'chain': None, 'chat_profile': '', 'root_message': None, 'chat_settings': {}}"
2b621e90-2363-4266-9a76-38aaef085426,,2024-03-22T03:36:11.601Z,"{'id': 'c96faada-0a8e-4ba6-8b8a-ea293073b164', 'env': '{}', 'name': 'How mean cox students are females?', 'user': None, 'chain': None, 'chat_profile': '', 'root_message': None, 'chat_settings': {}}"
e3373375-667c-4cd6-986a-53b1c620b0cc,,2024-03-22T03:05:57.818Z,"{'id': '668907e0-24ad-497d-81b5-23e38dc6dfa5', 'env': '{}', 'name': 'interesting. What can you help me with?', 'user': None, 'chain': None, 'chat_profile': '', 'root_message': None, 'chat_settings': {}}"
00a6557e-12cc-43b9-b037-67bee47f4dc6,,2024-03-22T02:59:35.695Z,"{'id': 'f0576ac0-8733-42f4-a0e2-f5c911291595', 'env': '{}', 'name': 'How do I solve a second derivative equation? ', 'user': None, 'chain': None, 'chat_profile': '', 'root_message': None, 'chat_settings': {}}"
34270776-3b79-4d79-9030-a9b687e50c1d,,2024-03-22T02:54:39.533Z,"{'id': 'db1f8e8d-37fa-4261-932c-1c3b3f48eb5e', 'env': '{}', 'name': 'Who are you', 'user': None, 'chain': None, 'chat_profile': '', 'root_message': None, 'chat_settings': {}}"
b62adf84-444a-4c09-bf24-05797785d7e0,,2024-03-22T02:48:36.490Z,"{'id': 'be650faf-420b-4521-9df6-6f20123bf313', 'env': '{}', 'name': 'where can i go for financial aid', 'user': None, 'chain': None, 'chat_profile': '', 'root_message': None, 'chat_settings': {}}"
3effdc22-06e9-427d-b3cb-ef38afb8275b,,2024-03-22T02:05:22.412Z,"{'id': '081b1b4b-0912-4fd0-81c1-a095b489e76d', 'env': '{}', 'name': 'What events are going on at Meadows this week', 'user': None, 'chain': None, 'chat_profile': '', 'root_message': None, 'chat_settings': {}}"
0d3e2b0a-0481-4f2d-bf10-cd323594354d,,2024-03-22T02:02:20.697Z,"{'id': '29f2bb10-f90f-4e66-9f48-8ebca9cb0846', 'env': '{}', 'name': 'What are the best places to eat', 'user': None, 'chain': None, 'chat_profile': '', 'root_message': None, 'chat_settings': {}}"
a5502c68-3577-4298-9b54-678406f793e8,,2024-03-22T01:40:31.950Z,"{'id': 'bdeb941c-280c-46a6-bc9c-e418ecf292e7', 'env': '{}', 'name': 'Hi!!', 'user': None, 'chain': None, 'chat_profile': '', 'root_message': None, 'chat_settings': {}}"
31f7e11f-5cd3-4feb-bfc1-05230c77beef,,2024-03-22T01:34:44.940Z,"{'id': 'e9ac6ff6-8376-4fc2-8a8e-f3957ed0e98d', 'env': '{}', 'name': 'Where can I get financial aid ', 'user': None, 'chain': None, 'chat_profile': '', 'root_message': None, 'chat_settings': {}}"
851d467e-b08c-437b-a79e-889f8726bbd8,,2024-03-22T01:25:54.072Z,"{'id': 'cd6c3869-6187-482d-b3a9-c3f52205595f', 'env': '{}', 'name': 'What will you respond to this', 'user': None, 'chain': None, 'chat_profile': '', 'root_message': None, 'chat_settings': {}}"
5430a43d-9fa7-4126-a048-c78becddb164,,2024-03-22T00:27:29.405Z,"{'id': '26ccd546-6f2d-4209-94ff-d9816ebe2e82', 'env': '{}', 'name': 'Who is the president of the entrepreneurship club', 'user': None, 'chain': None, 'chat_profile': '', 'root_message': None, 'chat_settings': {}}"
e9f7738a-ac31-4b03-b76b-b132cc590968,,2024-03-22T00:08:41.041Z,"{'id': 'ecb0e9cb-046f-4b4d-9313-64209d203015', 'env': '{}', 'name': 'I’m feeling very overwhelmed is there an office to help me advocate for myself as a student and offer support?', 'user': None, 'chain': None, 'chat_profile': '', 'root_message': None, 'chat_settings': {}}"
9bbd2941-b408-4248-8477-581594eb9a1a,,2024-03-22T00:05:36.590Z,"{'id': 'a008d1b5-2734-4950-8540-be253bc76e4c', 'env': '{}', 'name': 'Hi, how are you?', 'user': None, 'chain': None, 'chat_profile': '', 'root_message': None, 'chat_settings': {}}"
58477042-cf36-48ba-ac76-fee80c309598,,2024-03-22T00:02:47.391Z,"{'id': '37b7bde2-0a2e-443c-97b7-c0e32b8182e8', 'env': '{}', 'name': 'May term financial aid', 'user': None, 'chain': None, 'chat_profile': '', 'root_message': None, 'chat_settings': {}}"
f4cd182f-1133-4252-ac1e-60b498e5c502,,2024-03-21T23:55:17.958Z,"{'id': '4c97757c-db06-4b37-a492-61ea3a83520b', 'env': '{}', 'name': 'Give me classes for the advertising major', 'user': None, 'chain': None, 'chat_profile': '', 'root_message': None, 'chat_settings': {}}"
13b994d4-677e-4003-b3e2-79c17b21a05f,,2024-03-21T23:43:44.877Z,"{'id': 'caf0748a-b55c-424d-9c81-a24c35e5cb98', 'env': '{}', 'name': 'how are you different than the regular chat gpt', 'user': None, 'chain': None, 'chat_profile': '', 'root_message': None, 'chat_settings': {}}"
f2a841f4-ec7a-429e-aaf6-e613d8a8f8b4,,2024-03-21T23:31:22.976Z,"{'id': '1f6851fd-0fdd-410a-9e22-1830f5ac2a80', 'env': '{}', 'name': 'How do I check how much flex I have left', 'user': None, 'chain': None, 'chat_profile': '', 'root_message': None, 'chat_settings': {}}"
6df5a92b-e657-46eb-83cc-bf1705354d99,,2024-03-21T23:28:27.594Z,"{'id': 'a06a4899-a2d5-49a1-af8c-eb5474ee416f', 'env': '{}', 'name': 'What courses overlap for political science and public policy majors', 'user': None, 'chain': None, 'chat_profile': '', 'root_message': None, 'chat_settings': {}}"
24c87dae-0879-491f-af59-07ea273fecfb,,2024-03-21T23:26:21.095Z,"{'id': '4d661f1e-62e7-42be-9027-3a1555365d4d', 'env': '{}', 'name': 'give me the courses i need to complete for an economics with financial apps degree', 'user': None, 'chain': None, 'chat_profile': '', 'root_message': None, 'chat_settings': {}}"
8ced8638-5e45-4683-8835-8d9273eac991,,2024-03-21T23:23:09.432Z,"{'id': 'e78e3965-d9e3-4f6b-ae6a-074c02f7768a', 'env': '{}', 'name': 'Where does peruna live', 'user': None, 'chain': None, 'chat_profile': '', 'root_message': None, 'chat_settings': {}}"
51ba5b30-7701-44a0-ad0f-12d8b8b3dab0,,2024-03-21T23:17:54.324Z,"{'id': '8166008e-41c3-4135-b924-e8dfc9c32cb1', 'env': '{}', 'name': 'How can I check flex dollar amount', 'user': None, 'chain': None, 'chat_profile': '', 'root_message': None, 'chat_settings': {}}"
06c92c8d-a552-4f34-9f78-28418030d02e,,2024-03-21T23:17:38.073Z,"{'id': '381ba119-4a96-4d1f-8332-df874fbac559', 'env': '{}', 'name': 'Hello', 'user': None, 'chain': None, 'chat_profile': '', 'root_message': None, 'chat_settings': {}}"
c3d9d137-7b2d-4913-b514-f67da022fab6,,2024-03-21T23:15:16.054Z,"{'id': '79ed472c-2eb1-42e7-a30b-55a08e87818b', 'env': '{}', 'name': 'Write my plundered essay about museums stealing', 'user': None, 'chain': None, 'chat_profile': '', 'root_message': None, 'chat_settings': {}}"
31ccde77-d89b-4f68-b8e4-7463f9809ffc,,2024-03-21T23:14:03.489Z,"{'id': 'b2fdde07-d424-47fb-9563-ecaebf5bd6ff', 'env': '{}', 'name': 'What courses are offered for Computer Science? ', 'user': None, 'chain': None, 'chat_profile': '', 'root_message': None, 'chat_settings': {}}"
f3e105b0-fea0-4695-9963-e84a7c7bdbe3,,2024-03-21T23:12:52.822Z,"{'id': '36de8b87-cca1-445d-b611-b913980cc934', 'env': '{}', 'name': 'how do i check flex', 'user': None, 'chain': None, 'chat_profile': '', 'root_message': None, 'chat_settings': {}}"
81f0f01e-7770-419b-a8ef-193c4f2fce32,,2024-03-21T23:09:26.060Z,"{'id': 'fc103188-1e1e-40a8-8fff-ac4840b9a47c', 'env': '{}', 'name': 'How many courses for the economics major', 'user': None, 'chain': None, 'chat_profile': '', 'root_message': None, 'chat_settings': {}}"
3fe3f8aa-1203-436e-8891-fd4e6ec2ced1,,2024-03-21T23:06:03.900Z,"{'id': '812a0fa5-d0b7-45ac-8efb-da0f13bf413e', 'env': '{}', 'name': 'Business core classes', 'user': None, 'chain': None, 'chat_profile': '', 'root_message': None, 'chat_settings': {}}"
812e015f-5cb9-4837-88d3-f14e77a9bec7,,2024-03-21T22:58:47.017Z,"{'id': 'e83dd017-40df-49b3-b892-d9a709f70f90', 'env': '{}', 'name': 'How much is the tuition', 'user': None, 'chain': None, 'chat_profile': '', 'root_message': None, 'chat_settings': {}}"
8c18f4c3-15bb-4ff3-aa85-2276eb96ef35,,2024-03-21T22:58:05.596Z,"{'id': 'ef482a4f-0c42-4de0-8e9d-1507a3856be7', 'env': '{}', 'name': 'When was Moody hall built?', 'user': None, 'chain': None, 'chat_profile': '', 'root_message': None, 'chat_settings': {}}"
4dfccb1f-34ae-43ee-befa-94229bd46aa6,,2024-03-21T22:57:45.732Z,"{'id': '15d6c97f-bb72-470d-973a-fa231db889ba', 'env': '{}', 'name': 'fortnite', 'user': None, 'chain': None, 'chat_profile': '', 'root_message': None, 'chat_settings': {}}"
af2e1752-4f10-47c3-876f-aa005cf64bee,,2024-03-21T22:57:19.927Z,"{'id': '6e5ebfcf-e9ec-40aa-9712-943ec99bd5fb', 'env': '{}', 'name': 'where should I go to dinner on campus tonight', 'user': None, 'chain': None, 'chat_profile': '', 'root_message': None, 'chat_settings': {}}"
8ceea7b2-8bac-45cb-95f1-649b4f475488,,2024-03-21T22:55:53.611Z,"{'id': '3f8836f9-2e9b-4eef-9185-3de55a6ae48d', 'env': '{}', 'name': 'What year did world was 2 happen', 'user': None, 'chain': None, 'chat_profile': '', 'root_message': None, 'chat_settings': {}}"
863ef44c-a8b7-4244-b7c4-20e0141833e5,,2024-03-21T22:55:40.528Z,"{'id': 'e742a112-6d7e-4ac9-9df3-f3a16259a8c8', 'env': '{}', 'name': 'How is Fiji ', 'user': None, 'chain': None, 'chat_profile': '', 'root_message': None, 'chat_settings': {}}"
1bb0e51e-8514-4f0d-97fe-c93d82977310,,2024-03-21T22:53:21.646Z,"{'id': '84badde9-908b-4359-8d98-09851c306d00', 'env': '{}', 'name': 'Hello', 'user': None, 'chain': None, 'chat_profile': '', 'root_message': None, 'chat_settings': {}}"
55a3d7a0-b1df-4886-bebc-63724dd4ea7d,,2024-03-21T22:53:12.664Z,"{'id': '8e0532d7-7d1e-4b3f-bbda-52bf2c2e06a2', 'env': '{}', 'name': 'who’s the president ', 'user': None, 'chain': None, 'chat_profile': '', 'root_message': None, 'chat_settings': {}}"
64d1863f-1ca4-438b-94a4-3b881e3fcfbe,,2024-03-21T22:52:22.361Z,"{'id': 'ef4ce10c-c326-4f05-9772-d311c773e539', 'env': '{}', 'name': 'What do you do ', 'user': None, 'chain': None, 'chat_profile': '', 'root_message': None, 'chat_settings': {}}"
a480e224-d124-4ae6-bd90-cab3b42a5597,,2024-03-21T22:52:16.626Z,"{'id': '3bac73e1-cab6-4332-8e0f-447fdc299e6f', 'env': '{}', 'name': 'Where can I study', 'user': None, 'chain': None, 'chat_profile': '', 'root_message': None, 'chat_settings': {}}"
c78b7a82-6722-4890-bf08-c6a7e3867601,,2024-03-21T22:52:06.618Z,"{'id': '646fd9d3-58be-45d5-aca3-ad7e07559e6d', 'env': '{}', 'name': 'can you tell me about the smu housing reapplications for upper division', 'user': None, 'chain': None, 'chat_profile': '', 'root_message': None, 'chat_settings': {}}"
8d83d45d-c4ad-4948-b063-963bb7e90beb,,2024-03-21T22:51:53.205Z,"{'id': '4c694599-fa3c-4b21-80ca-b7a0d5b76301', 'env': '{}', 'name': 'What’s the school Mascot?', 'user': None, 'chain': None, 'chat_profile': '', 'root_message': None, 'chat_settings': {}}"
c36bbff5-7b76-444f-bd24-5a2fa6e80523,,2024-03-21T19:35:52.232Z,"{'id': '5fffe361-6641-4a70-8432-f9c6c7bf2171', 'env': '{}', 'name': 'Where is the rec', 'user': None, 'chain': None, 'chat_profile': '', 'root_message': None, 'chat_settings': {}}"
40a39e7e-2460-4a12-8add-028349b735d0,,2024-03-21T17:22:42.131Z,"{'id': '576db29a-bbea-4482-9067-d04f2b9febbf', 'env': '{}', 'name': 'what are financial opportunities ', 'user': None, 'chain': None, 'chat_profile': '', 'root_message': None, 'chat_settings': {}}"
131d2b62-19ca-4389-968d-dd223e6b3ae5,,2024-03-21T14:21:45.027Z,"{'id': '6ac69760-bd4e-41e6-9262-772bc8fce897', 'env': '{}', 'name': 'Nah', 'user': None, 'chain': None, 'chat_profile': '', 'root_message': None, 'chat_settings': {}}"
2a5fc8a2-33ab-4d99-8e6e-10c83353b73d,,2024-03-21T04:09:45.183Z,"{'id': '68ff3d65-0472-4f84-a845-dd6c0e8f67a5', 'env': '{}', 'name': 'What CS classes are available ', 'user': None, 'chain': None, 'chat_profile': '', 'root_message': None, 'chat_settings': {}}"
13a557c3-446e-49a7-bf0c-93170da385b7,,2024-03-21T00:44:12.318Z,"{'id': '46e08e2a-44ab-4c5f-b751-e86a763d4bf2', 'env': '{}', 'name': 'hello!', 'user': None, 'chain': None, 'chat_profile': '', 'root_message': None, 'chat_settings': {}}"
25ad560d-3529-4547-9f19-c63688e11fbe,,2024-03-20T23:02:28.990Z,"{'id': 'f701581a-f671-410d-bd40-de1a7c77a0a6', 'env': '{}', 'name': 'What can I get involved in if I’m a finance major', 'user': None, 'chain': None, 'chat_profile': '', 'root_message': None, 'chat_settings': {}}"
46580173-4d1e-4baa-b858-6b116d59ad16,,2024-03-20T22:57:26.180Z,"{'id': '500bd8a1-f4da-455d-aa3c-a4c600081f48', 'env': '{}', 'name': 'HIST 2343', 'user': None, 'chain': None, 'chat_profile': '', 'root_message': None, 'chat_settings': {}}"
eab4977a-ed84-4aa5-a3ac-bf2397ee28cf,,2024-03-20T21:12:32.241Z,"{'id': '3f0a061e-f377-45c6-96b6-e8554ffb7f05', 'env': '{}', 'name': 'what class should I take as an ECE major', 'user': None, 'chain': None, 'chat_profile': '', 'root_message': None, 'chat_settings': {}}"
3ee6923f-2d56-4809-b318-3f0af8daf486,,2024-03-20T18:26:55.021Z,"{'id': '9b1de673-c90c-4d44-b8ba-002582585957', 'env': '{}', 'name': 'how good is this bot', 'user': None, 'chain': None, 'chat_profile': '', 'root_message': None, 'chat_settings': {}}"
f214f958-26ea-4044-b4b0-d7b1bd01c316,,2024-03-20T17:17:14.807Z,"{'id': 'b96c9c48-ad77-4201-8d22-21b496668b9f', 'env': '{}', 'name': 'What courses are required for the BA in Computer Science', 'user': None, 'chain': None, 'chat_profile': '', 'root_message': None, 'chat_settings': {}}"
9d1784b3-5c57-43cb-babe-761741a65288,,2024-03-20T08:36:35.115Z,"{'id': '4a1eb25c-64e3-4fa4-b365-cb09618b56ae', 'env': '{}', 'name': 'how much is tuition', 'user': None, 'chain': None, 'chat_profile': '', 'root_message': None, 'chat_settings': {}}"
dbe4afc9-3e1a-4001-829a-b64c2ac015bb,,2024-03-20T06:48:29.554Z,"{'id': '1fcb6e23-3638-402d-b88d-5fa43d910896', 'env': '{}', 'name': 'what graduate degrees are offered here at smu', 'user': None, 'chain': None, 'chat_profile': '', 'root_message': None, 'chat_settings': {}}"
2ccc7d0d-edff-4750-b53b-1cd6398631a6,,2024-03-19T23:07:08.851Z,"{'id': 'd950ade7-b31d-4a72-a8e5-e9b7a47a9862', 'env': '{}', 'name': 'what honors business courses can i take as a sophomore?', 'user': None, 'chain': None, 'chat_profile': '', 'root_message': None, 'chat_settings': {}}"
0567e82d-a2e2-4e03-b188-418ddb7f8120,,2024-03-19T21:14:48.348Z,"{'id': '762d94db-af01-4767-bba2-a5094fc48929', 'env': '{}', 'name': 'im a cs BA major what classes should i take my first semester', 'user': None, 'chain': None, 'chat_profile': '', 'root_message': None, 'chat_settings': {}}"
0cb9590b-88f1-4373-ade1-a89b3a634681,,2024-03-19T20:25:25.968Z,"{'id': '4c94783b-fe6a-4b44-8d52-be0d3cfd3a75', 'env': '{}', 'name': 'Boulevard investment group', 'user': None, 'chain': None, 'chat_profile': '', 'root_message': None, 'chat_settings': {}}"
d9b6c330-6ab0-4c09-8d45-abb997557d52,,2024-03-19T20:25:23.036Z,"{'id': 'e2ef7d98-35d0-4e35-9eb7-e13fb8e9e2f8', 'env': '{}', 'name': 'Hi', 'user': None, 'chain': None, 'chat_profile': '', 'root_message': None, 'chat_settings': {}}"
a876b055-8700-4ad9-b775-fced650b19ab,,2024-03-19T20:10:50.100Z,"{'id': '1744b05f-c6fb-4b12-a004-a3bd8011682d', 'env': '{}', 'name': ""It's really hot on campus, what can I do to cool off"", 'user': None, 'chain': None, 'chat_profile': '', 'root_message': None, 'chat_settings': {}}"
62b86c82-fd26-438d-81e5-1ca4c4047c6b,,2024-03-19T19:35:30.115Z,"{'id': '751d3fc4-efce-4b4e-b47b-57a540d8b55e', 'env': '{}', 'name': 'hi', 'user': None, 'chain': None, 'chat_profile': '', 'root_message': None, 'chat_settings': {}}"
e826c921-e05f-402c-bbfa-0723d71342fa,,2024-03-19T19:35:11.318Z,"{'id': '8315467b-6318-47ad-a961-242e7c799436', 'env': '{}', 'name': 'Hello, I wanted to do 4 majors', 'user': None, 'chain': None, 'chat_profile': '', 'root_message': None, 'chat_settings': {}}"
fecfa58f-3e65-4e49-8bd4-312635b09f86,,2024-03-19T18:39:08.237Z,"{'id': 'd3f1c4dc-6848-4901-81b1-9d596a94f80e', 'env': '{}', 'name': 'What classes do I take as a finance major', 'user': None, 'chain': None, 'chat_profile': '', 'root_message': None, 'chat_settings': {}}"
7959cdd8-9fbc-4420-8319-953b9a9b0e85,,2024-03-19T18:19:38.087Z,"{'id': '1fff30bc-fd22-4225-95c6-6ccb351cc3e9', 'env': '{}', 'name': 'Hello!', 'user': None, 'chain': None, 'chat_profile': '', 'root_message': None, 'chat_settings': {}}"
4b92c32a-aa44-4d1d-b1aa-89645b71bd11,,2024-03-19T18:13:58.758Z,"{'id': '7be12170-33d3-4f86-b45d-74ece5d4bfec', 'env': '{}', 'name': 'What is going on on campus today? ', 'user': None, 'chain': None, 'chat_profile': '', 'root_message': None, 'chat_settings': {}}"
ec44be84-37a8-41f3-8911-5e4b6be063c7,,2024-03-19T17:58:27.448Z,"{'id': '7a74c48b-643c-4127-a4c6-bd2ffd8a0d76', 'env': '{}', 'name': 'Hi', 'user': None, 'chain': None, 'chat_profile': '', 'root_message': None, 'chat_settings': {}}"
755b4916-2161-44b7-b2e2-b56ec7b4eecb,,2024-03-19T17:52:20.533Z,"{'id': 'bf5b3bcf-4a3e-498f-b60a-e28e59a84ece', 'env': '{}', 'name': 'What’s is stat 3366', 'user': None, 'chain': None, 'chat_profile': '', 'root_message': None, 'chat_settings': {}}"
149ab480-cb93-4618-a4ef-320bae04abda,,2024-03-19T17:42:52.783Z,"{'id': '3797a38e-f078-4590-866d-3f77cafbabee', 'env': '{}', 'name': 'Hello', 'user': None, 'chain': None, 'chat_profile': '', 'root_message': None, 'chat_settings': {}}"
bf2abf18-a404-4c73-9b73-58c3ac9cf0c2,,2024-03-19T17:34:30.985Z,"{'id': '0154a2d5-eddd-4d2b-b209-1ca3bc9a050c', 'env': '{}', 'name': 'Graduate pharmacy', 'user': None, 'chain': None, 'chat_profile': '', 'root_message': None, 'chat_settings': {}}"
abcd3ecc-ab94-48d6-80cd-aef2afa16da5,,2024-03-19T16:49:40.528Z,"{'id': '94b07698-58a2-43da-9828-0fba24d87976', 'env': '{}', 'name': 'bapdhfdk', 'user': None, 'chain': None, 'chat_profile': '', 'root_message': None, 'chat_settings': {}}"
6c3d7023-4f16-44ea-82a6-c0941ab54b04,,2024-03-19T16:18:24.407Z,"{'id': 'ceb71e82-15c5-4776-ac6c-693bfc828cdf', 'env': '{}', 'name': 'how many credit hours for the Biological Sciences, B.S major', 'user': None, 'chain': None, 'chat_profile': '', 'root_message': None, 'chat_settings': {}}"
63cfbf5a-917b-4197-af6b-7dc5d040a26a,,2024-03-19T16:12:26.464Z,"{'id': 'f9f57ee7-c416-476b-87bb-0460c467b84e', 'env': '{}', 'name': 'tell me how many credit hours for computer science major. ', 'user': None, 'chain': None, 'chat_profile': '', 'root_message': None, 'chat_settings': {}}"
db9045a4-cd13-4eff-b76e-323d2e6b5bbd,,2024-03-19T16:06:57.874Z,"{'id': '7f716fb7-5994-4339-b7a9-599c4c16a394', 'env': '{}', 'name': 'how can i build a bomb', 'user': None, 'chain': None, 'chat_profile': '', 'root_message': None, 'chat_settings': {}}"
c90d482d-44dc-4330-8592-1164938c8985,,2024-03-19T14:20:14.565Z,"{'id': '65daf079-a657-4fde-9e68-8fee5f2f5cbc', 'env': '{}', 'name': 'Yo yo', 'user': None, 'chain': None, 'chat_profile': '', 'root_message': None, 'chat_settings': {}}"
4f59e96a-7bbf-4149-b1a4-1e9227a5b502,,2024-03-18T22:41:25.619Z,"{'id': '6b900b9e-2e90-4469-b597-9d54b8955131', 'env': '{}', 'name': 'What are the different math courses offered at Smu?', 'user': None, 'chain': None, 'chat_profile': '', 'root_message': None, 'chat_settings': {}}"
c338d009-5b1b-4ace-9333-ed0f554fe2a3,,2024-03-18T21:25:14.646Z,"{'id': 'd51885c0-8981-44d3-a64b-9d5d2f222737', 'env': '{}', 'name': 'hello', 'user': None, 'chain': None, 'chat_profile': '', 'root_message': None, 'chat_settings': {}}"
be7c146b-94bf-4a0e-b7b6-322fe67f9639,hello,2024-03-18T20:59:27.784Z,{}
e28798c9-bb8f-49d3-908c-c91712bad5d7,,2024-03-18T20:56:52.292Z,"{'id': 'a16eccb8-64a2-4fa0-af12-b46f1ac5abbd', 'env': '{}', 'name': 'what classes can you take in economics?', 'user': None, 'chain': None, 'chat_profile': '', 'root_message': None, 'chat_settings': {}}"
f884c0ad-3fa0-4e06-8cd3-ccf967d2ef8c,,2024-03-18T20:53:29.335Z,"{'id': '1b55ee82-1b2d-4bd7-957f-918231bc2eb0', 'env': '{}', 'name': 'Hello', 'user': None, 'chain': None, 'chat_profile': '', 'root_message': None, 'chat_settings': {}}"
bbb84d18-5f79-4092-9939-94ff105203a4,,2024-03-18T20:53:05.911Z,"{'id': '8cc54ee9-6cf7-4f77-b411-d446d16b7eb5', 'env': '{}', 'name': 'how', 'user': None, 'chain': None, 'chat_profile': '', 'root_message': None, 'chat_settings': {}}"
2688f215-d2d9-4290-bcd3-3a2c3fe7bf7f,,2024-03-18T20:52:58.477Z,"{'id': '8de2901f-b8d1-4c3e-8893-c629bb903881', 'env': '{}', 'name': 'hello', 'user': None, 'chain': None, 'chat_profile': '', 'root_message': None, 'chat_settings': {}}"
a880e5b5-c1cf-40be-a024-a9fa26e0ef13,,2024-03-18T20:52:34.208Z,"{'id': '5f00a187-1267-427b-9551-f4778bd43109', 'env': '{}', 'name': 'What sports management courses are at SMU? ', 'user': None, 'chain': None, 'chat_profile': '', 'root_message': None, 'chat_settings': {}}"
e3f1da6e-e503-45b0-81b0-dbd6614b370f,,2024-03-18T01:25:54.294Z,"{'id': '83660ba4-ffc3-4b5b-9557-5b435aa7a367', 'env': '{}', 'name': 'hey', 'user': None, 'chain': None, 'chat_profile': '', 'root_message': None, 'chat_settings': {}}"
f572621a-9743-46bc-a559-6ce1bb6d3f3e,,2024-03-18T01:25:44.633Z,"{'id': '37078000-b579-4a5c-ae70-b10c7289b699', 'env': '{}', 'name': 'how can i make friends at smu', 'user': None, 'chain': None, 'chat_profile': '', 'root_message': None, 'chat_settings': {}}"
22db5521-3a56-4851-9a57-13a45879ac1f,,2024-03-18T01:03:03.208Z,"{'id': 'b567be60-158a-48bc-937b-be72cc404c88', 'env': '{}', 'name': 'I want to be an investment banker. What courses should I take?', 'user': None, 'chain': None, 'chat_profile': '', 'root_message': None, 'chat_settings': {}}"
dd4159af-2565-41c0-b1a9-bf6d1bdbffe3,,2024-03-17T19:54:21.061Z,"{'id': '885f6243-59a4-4289-b4bd-6a1c3b5ae810', 'env': '{}', 'name': 'Can you tell me that the MS in Management course list is ', 'user': None, 'chain': None, 'chat_profile': '', 'root_message': None, 'chat_settings': {}}"
fd7abe53-6377-4c6c-aecc-95db0f5a9bd1,,2024-03-17T19:52:21.907Z,"{'id': 'f92c42a5-ef53-4c01-8b7e-eedfa49563e1', 'env': '{}', 'name': 'what is something fun happening on campus this week? ', 'user': None, 'chain': None, 'chat_profile': '', 'root_message': None, 'chat_settings': {}}"
36b92f5e-1408-4505-bee5-7ac3436500d8,,2024-03-17T19:49:58.498Z,"{'id': 'ad176eef-25e4-44a0-aa9f-6fccd90f2351', 'env': '{}', 'name': 'Where can I find intramural sign ups ', 'user': None, 'chain': None, 'chat_profile': '', 'root_message': None, 'chat_settings': {}}"
2b2e7e02-59b8-4e2d-a595-0f6250a2775e,,2024-03-17T19:17:38.459Z,"{'id': 'e31a0929-987b-45b0-b4c5-dde759d7caf2', 'env': '{}', 'name': 'Tell me about the credits required for a comp sci major. ', 'user': None, 'chain': None, 'chat_profile': '', 'root_message': None, 'chat_settings': {}}"
8284f594-a70f-49a7-afb8-497b0a89c8e4,,2024-03-17T19:12:43.565Z,"{'id': '7c68ab19-579e-4257-ae1f-13d6fac3b312', 'env': '{}', 'name': 'hello', 'user': None, 'chain': None, 'chat_profile': '', 'root_message': None, 'chat_settings': {}}"
757670da-1bf0-432c-9679-416bd211956b,,2024-03-17T19:12:22.022Z,"{'id': 'e9a80434-c56d-4d1a-8618-2a6d41ea5d9d', 'env': '{}', 'name': 'Hello', 'user': None, 'chain': None, 'chat_profile': '', 'root_message': None, 'chat_settings': {}}"
538eacb4-646b-4e1e-af2a-39acfcb8ea3b,,2024-03-17T18:36:43.308Z,"{'id': 'fb3b8e46-7229-44ab-83f1-101beb63d1e3', 'env': '{}', 'name': 'Hey', 'user': None, 'chain': None, 'chat_profile': '', 'root_message': None, 'chat_settings': {}}"
ecf1ca98-99b9-4fab-b887-3e04bf790e77,hello,2024-03-16T19:52:53.011Z,"{'id': '89c1bf30-91e4-487a-82e7-82550f139648', 'env': '{}', 'user': None, 'chain': None, 'chat_profile': '', 'root_message': None, 'chat_settings': {}}"
da00ff7a-2b65-4488-87f5-ed5f18baff3d,what are some classes for a computer science major,2024-03-14T21:01:33.398Z,"{'id': '628c3213-a715-4211-9008-b81f2605dfd9', 'env': '{}', 'user': None, 'chain': None, 'chat_profile': '', 'root_message': None, 'chat_settings': {}}"
09a9a267-3200-4f69-bd8b-2f771e8e5e4e,hello,2024-03-12T22:35:52.077Z,"{'id': '15e511c7-bb67-4b57-8ddb-9aafccd54ade', 'env': '{}', 'user': None, 'chain': None, 'chat_profile': '', 'root_message': None, 'chat_settings': {}}"
b70f327f-0a88-4328-8cff-785c41c206b5,what are the cox core courses,2024-03-08T17:08:13.604Z,{}
863203ae-ae38-4597-88a8-1c11bd752689,tell me what all the possible breadth requirements are,2024-03-08T02:55:52.323Z,"{'id': '0703d0fa-5d8d-4ce3-b16b-b7066260d700', 'env': '{}', 'user': None, 'chain': None, 'chat_profile': '', 'root_message': None, 'chat_settings': {}}"
01334ee3-81b3-4c54-8038-82fdaba9c422,hello,2024-03-06T18:19:06.429Z,"{'id': '1abaff41-9777-4caf-8683-d92a8fb20d5f', 'env': '{}', 'user': None, 'chain': None, 'chat_profile': '', 'root_message': None, 'chat_settings': {}}"
93d87775-db6e-40c0-bd31-abc81b169ea5,chill,2024-03-06T18:08:32.166Z,"{'id': 'c50d28c4-a9c5-4e54-b95c-4667c9bbb86f', 'env': '{}', 'user': None, 'chat_profile': '', 'root_message': None, 'chat_settings': {}}"
1875ac89-72b1-43ca-a4ce-6cf4a1080659,how big is yaws dick,2024-03-06T00:54:18.251Z,"{'id': '64eefa93-e112-4799-8425-7899443575a7', 'env': '{}', 'user': None, 'chain': None, 'chat_profile': '', 'root_message': None, 'chat_settings': {}}"
43e617a1-fca1-4bce-893b-5fdf3b7daf79,guilde hall,2024-03-04T21:18:06.682Z,"{'id': 'd26ba196-ab7e-4c3e-b35b-047c0cd31356', 'env': '{}', 'user': None, 'chain': None, 'chat_profile': '', 'root_message': None, 'chat_settings': {}}"
d7c840bf-182d-4e38-a90b-4eae20bb3acd,Hello,2024-02-29T18:19:08.743Z,"{'id': '21ff2376-d96d-49f7-bce2-df898e530888', 'env': '{}', 'user': None, 'chain': None, 'chat_profile': '', 'root_message': None, 'chat_settings': {}}"
f01a9875-833f-4e8f-8268-c83503cf0d07,tell me how I can take entrepreneurship classes at SMU,2024-02-29T00:20:50.499Z,"{'id': 'db091b4f-cd9f-4939-8446-4aef670139d2', 'env': '{}', 'user': None, 'chain': None, 'chat_profile': '', 'root_message': None, 'chat_settings': {}}"
9a9fb59e-60e5-46a7-a324-b27368ccd518,hello,2024-02-24T22:15:06.852Z,"{'id': '5833b9b4-1beb-4a92-bccf-1bd81acbaf3e', 'env': '{}', 'user': None, 'chain': None, 'chat_profile': '', 'root_message': None, 'chat_settings': {}}"
74d49b21-8d37-42f6-bbdc-0e5839171922,yo yo yo wha'ts goodie brodie,2024-02-24T21:59:05.688Z,"{'id': 'e3130194-5850-4082-bd0c-2c7164bee9be', 'env': '{}', 'user': None, 'chain': None, 'chat_profile': '', 'root_message': None, 'chat_settings': {}}"
41800568-6f77-4068-8d9e-06522439ce30,tell me about computer science courses at SMU,2024-02-24T21:55:17.361Z,"{'id': '16488ac3-577f-4e80-8200-9a6aa6a1f18d', 'env': '{}', 'user': None, 'chain': None, 'chat_profile': '', 'root_message': None, 'chat_settings': {}}"
2a2ad558-edca-4ff6-ae41-44a1c1d9235f,tell me about some computer engineering courses at SMU,2024-02-24T21:44:18.851Z,{}
ba3e0bb9-68e9-467d-88ce-8e4bd616f21c,hello,2024-02-24T21:26:46.743Z,{}
317dbc11-7c2c-4510-8c11-824f9568135a,,2024-02-24T20:10:37.331Z,{'name': 'hello'}
c4b83e08-d141-469b-b03b-68fcfd333ad1,,2024-02-23T17:30:59.421Z,"{'id': 'ea1ffc5f-e949-4204-80da-18e402dec524', 'env': '{}', 'name': 'hello', 'user': None, 'chain': None, 'chat_profile': '', 'root_message': None, 'chat_settings': {}}"
a3c37560-97f6-429f-9312-2994e667ff2c,,2024-02-22T22:01:38.794Z,"{'id': '197865a7-0030-44fc-ac55-3808cb1ce2b6', 'env': '{}', 'name': 'hello', 'user': None, 'chain': None, 'chat_profile': '', 'root_message': None, 'chat_settings': {}}"
e2daaaf2-dd8c-446b-9464-cd0bda01dde0,,2024-02-22T21:54:08.491Z,"{'id': '91f27643-1ab3-466e-9de9-e01cd89719ec', 'env': '{}', 'name': 'tell me about some computer science courses at SMU', 'user': None, 'chain': None, 'chat_profile': '', 'root_message': None, 'chat_settings': {}}"
5127bebd-6c93-4464-ac6a-8c062068ca10,,2024-02-22T17:09:06.720Z,{'name': 'tell me about courses in comp sci courses at smu'}
346ec9ce-4a73-45e4-8423-36bbef6bf244,,2024-02-22T16:41:44.314Z,"{'id': '28bd12ab-c73e-42b7-9073-4985fdc8f975', 'env': '{}', 'name': 'what classes are recommended for my polkitical sciernce degree 2nd year', 'user': None, 'chain': None, 'chat_profile': '', 'root_message': None, 'chat_settings': {}}"
cfe72f5a-2a73-4f47-8bbf-5df8e63b6309,hello,2024-02-18T02:58:37.354Z,"{'id': 'a4327072-1d73-4a55-a508-95375a16fd46', 'env': '{}', 'name': 'hello', 'user': None, 'chain': None, 'chat_profile': '', 'root_message': None, 'chat_settings': {}}"
574a2993-df8b-4847-a989-34f9d20135b6,hello,2024-02-18T02:28:56.015Z,"{'id': 'e645064f-cb0d-48af-8d4e-35c6b179a45d', 'env': '{}', 'name': 'hello', 'user': None, 'chain': None, 'chat_profile': '', 'root_message': None, 'chat_settings': {}}"
48a8db31-2d96-4f8e-84ec-4457e9096d3c,hello,2024-02-18T02:18:30.777Z,"{'id': 'ece5d41e-7ce0-478d-9ef4-19c9847d18c1', 'env': '{}', 'name': 'hello', 'user': None, 'chain': None, 'chat_profile': '', 'root_message': None, 'chat_settings': {}}"
9fe26ba4-1d81-4a02-83be-418399f9a895,hello,2024-02-18T02:17:59.031Z,"{'id': 'd1f22017-5bee-4a56-8ccf-35e50e8706d4', 'env': '{}', 'name': 'hello', 'user': None, 'chain': None, 'chat_profile': '', 'root_message': None, 'chat_settings': {}}"
9cac8bb1-519f-47d7-872d-5ab5417f0936,hello,2024-02-18T02:12:31.277Z,"{'id': 'a2ba1982-00b0-4e57-a5fc-929241855634', 'env': '{}', 'name': 'hello', 'user': None, 'chain': None, 'chat_profile': '', 'root_message': None, 'chat_settings': {}}"
2458ee02-ea44-4502-9b1a-62938049b764,weeeeeeeeeeee,2024-02-18T02:11:12.776Z,"{'id': 'cda3287f-0744-42eb-8c62-7a819c370ef8', 'env': '{}', 'name': 'weeeeeeeeeeee', 'user': None, 'chain': None, 'chat_profile': '', 'root_message': None, 'chat_settings': {}}"
77c718f3-6b61-47a7-a853-c23c21d5e39f,hello,2024-02-18T02:10:53.818Z,"{'id': '1c5201ae-f6d0-4cd2-9876-cb59d88b614f', 'env': '{}', 'name': 'hello', 'user': None, 'chain': None, 'chat_profile': '', 'root_message': None, 'chat_settings': {}}"
a265cc24-406b-40e6-b111-e86b2e55b9d6,Hello,2024-02-18T02:10:05.482Z,"{'id': '0b7390c6-3a73-4855-991b-a3b83bcf60e8', 'env': '{}', 'name': 'Hello', 'user': None, 'chain': None, 'chat_profile': '', 'root_message': None, 'chat_settings': {}}"
df13fa49-9a43-4c89-9656-840994bed775,Hello,2024-02-18T02:06:30.571Z,"{'id': '8c9cc5a9-e187-44dd-9265-0c00d199f620', 'env': '{}', 'name': 'Hello', 'user': None, 'chain': None, 'chat_profile': '', 'root_message': None, 'chat_settings': {}}"
0ee68cf8-ba72-47f1-925b-57efcad758ce,"hello, how are you?",2024-02-18T01:32:56.628Z,"{'name': 'hello, how are you?'}"
86fc3395-96c8-4ac7-a710-5592bf970a44,hello,2024-02-18T00:49:24.592Z,"{'id': '1e07361a-8ac5-4f68-a761-dbf65e3e8059', 'env': '{}', 'name': 'hello', 'user': None, 'chain': None, 'chat_profile': '', 'root_message': None, 'chat_settings': {}}"
d0314805-424a-449c-ab99-9e818b0f23e1,tell me about fields of study at the cox business school,2024-02-10T17:22:03.700Z,"{'id': 'a21df574-61ee-4daa-863c-18f07796f9a7', 'env': '{}', 'name': 'tell me about fields of study at the cox business school', 'user': None, 'chain': None, 'chat_profile': '', 'root_message': None, 'chat_settings': {}}"
d8637197-5520-45c8-bbe9-82a65c1e3907,how many credit hours do I need for my cs ba major,2024-02-09T18:59:29.533Z,"{'id': 'db60f38c-d8c4-462e-a2a2-3b6ea34834a4', 'env': '{}', 'name': 'how many credit hours do I need for my cs ba major', 'user': None, 'chain': None, 'chat_profile': '', 'root_message': None, 'chat_settings': {}}"
114c8d60-e29e-418a-a6e7-1c8c685f5b8b,When if the FAFSA deadline?,2024-02-09T18:36:08.166Z,"{'id': '0abee5a7-8dc2-445b-9e18-288254fc2d72', 'env': '{}', 'name': 'When if the FAFSA deadline?', 'user': None, 'chain': None, 'chat_profile': '', 'root_message': None, 'chat_settings': {}}"
9330a6cf-f946-406a-aa5d-ac753d7ccb5e,What kind of classes should I take for advertising?,2024-02-09T18:24:06.237Z,{'name': 'What kind of classes should I take for advertising?'}
a13e751d-9ec6-4ef9-a37e-885ba6a8a958,journalism department,2024-02-08T23:38:49.479Z,"{'id': '6f96bcec-5fde-4585-8cfb-e73a06483d15', 'env': '{}', 'name': 'journalism department', 'user': None, 'chain': None, 'chat_profile': '', 'root_message': None, 'chat_settings': {}}"
85094e69-0e03-45bf-a0b6-6d11d345f9d8,What majors are there in engineering at SMU?,2024-02-07T02:55:24.702Z,{'name': 'What majors are there in engineering at SMU?'}
c8ab0db0-2155-4342-bf85-3c5effcf5f59,Hello!,2024-02-05T07:19:49.284Z,"{'id': 'fe438616-f8b1-4ed5-8fa7-167de500df4b', 'env': '{}', 'name': 'Hello!', 'user': None, 'chain': None, 'chat_profile': '', 'root_message': None, 'chat_settings': {}}"
89f39368-518d-455a-be0f-80bca457be87,Hello!,2024-02-05T07:11:12.413Z,"{'id': '7da56c8a-9e40-42d1-92fd-9ae0d71782d3', 'env': '{}', 'name': 'Hello!', 'user': None, 'chain': None, 'chat_profile': '', 'root_message': None, 'chat_settings': {}}"
d70f769d-72ff-45ec-be0e-26ca5b4fc771,Hello!,2024-02-05T07:07:57.397Z,{'name': 'Hello!'}
2b085807-16fc-4389-9066-7b2f4ac7e431,Hello!,2024-02-05T07:06:20.610Z,"{'id': 'bda11406-237d-47fd-b33d-766723d39e62', 'env': '{}', 'name': 'Hello!', 'user': None, 'chain': None, 'chat_profile': '', 'root_message': None, 'chat_settings': {}}"
fe5750ea-6d62-49cc-b470-8f06fc0fe545,Hello!,2024-02-05T07:03:37.179Z,"{'id': '3eb54846-09a6-442f-9df1-00432ecd7341', 'env': '{}', 'name': 'Hello!', 'user': None, 'chain': None, 'chat_profile': '', 'root_message': None, 'chat_settings': {}}"
c8cbc8bb-e6aa-44ba-b8f2-6bc22da9aa12,What are some engineering majors at SMU?,2024-02-04T09:19:00.097Z,"{'id': '98c9060a-da0e-44ba-8fef-7c32e3b97154', 'env': '{}', 'name': 'What are some engineering majors at SMU?', 'user': None, 'chain': None, 'chat_profile': '', 'root_message': None, 'chat_settings': {}}"
7c8f6a4b-df20-4dd3-9e0f-566815e4c5b0,give me info about ece 1350,2024-01-22T15:53:36.531Z,"{'id': '7f1121c3-f86c-4fda-86ee-fb9e27d645b6', 'env': '{}', 'name': 'give me info about ece 1350', 'user': None, 'chain': None, 'chat_profile': '', 'root_message': None, 'chat_settings': {}}"
c992fcac-610f-491f-bb3e-1677caa47691,How many libraries are in SMU,2024-01-22T15:51:18.030Z,"{'id': '7b3bff5e-2280-4264-bba7-f7779f70cc5c', 'env': '{}', 'name': 'How many libraries are in SMU', 'user': None, 'chain': None, 'chat_profile': '', 'root_message': None, 'chat_settings': {}}"
3a6c7ba2-e7e1-4967-a527-a8fa596f9457,hello,2024-01-20T07:54:30.531Z,"{'id': 'dcb6f969-1d78-41de-a90c-6526a54c70b0', 'env': '{}', 'name': 'hello', 'user': None, 'chain': None, 'chat_profile': '', 'root_message': None, 'chat_settings': {}}"
8cb98e92-a013-4e8a-8a15-5432236a97cb,hello,2024-01-20T07:16:28.084Z,"{'id': 'a8c03fc7-76f6-47c2-87b0-8289f7f433f3', 'env': '{}', 'name': 'hello', 'user': None, 'chain': None, 'chat_profile': '', 'root_message': None, 'chat_settings': {}}"
9fbf4e67-0c66-4b0e-89fb-53a8b7293812,hello,2024-01-20T07:12:31.724Z,"{'id': 'b81bab38-914a-4fe4-9a49-8b7166930611', 'env': '{}', 'name': 'hello', 'user': None, 'chain': None, 'chat_profile': '', 'root_message': None, 'chat_settings': {}}"
d918e98d-9b90-4e02-b56e-8f57adca1992,hello,2024-01-20T06:33:52.833Z,"{'id': '8a2fd51a-851e-4254-b174-426612f94f5f', 'env': '{}', 'name': 'hello', 'user': None, 'chain': None, 'chat_profile': '', 'root_message': None, 'chat_settings': {}}"
6490d1f3-b633-416a-a8d7-ab9151a6d4c3,no,2024-01-20T06:28:45.055Z,"{'id': 'c3fdb196-5463-4cba-9fda-75d8c88162e3', 'env': '{}', 'name': 'no', 'user': None, 'chat_profile': '', 'root_message': None, 'chat_settings': {}}"
